Structure,N,ICC_2_1,Pearson_r,Spearman_p,Pearson_p,BA_bias_mm3,95% LOA,BA_LOA_upper_mm3,proportional_bias_p,Pearson_q,Spearman_q,proportional_bias_q
Lateral-Ventricle R,50,0.9592467182384691,0.9816685291461981,8.556088682087222e-35,3.252713032298026e-36,1323.2,"[-1829.19, 4475.59]",4475.59046718518,9.509520638500357e-05,9.432867793664275e-35,2.4812657178052945e-33,0.0004596268308608506
Lateral-Ventricle L,50,0.9552474073595699,0.9796510507019638,3.751396997066877e-32,3.897244143716065e-35,1450.62,"[-1602.53, 4503.77]",4503.76762727779,0.0019517732522477496,5.651004008388294e-34,5.439525645746971e-31,0.005660142431518474
Inf-Lat-Vent R,50,0.7495132432722995,0.8209641747081529,1.0644073700503767e-11,2.873539062044363e-13,103.28,"[-320.07, 526.63]",526.6253775252542,0.00040389105419092906,2.0833158199821633e-12,7.71695343286523e-11,0.0013014267301707713
Cerebellum-Exterior R,50,0.6992074227963425,0.7852642285933029,1.4098831672308286e-10,1.463387114087353e-11,-3693.92,"[-14014.31, 6626.47]",6626.468202180769,0.05979340128161599,7.073037718088874e-11,6.814435308282338e-10,0.09633381317593687
Cerebellum-Exterior L,50,0.6616971757480511,0.8064218795857622,7.74972292129939e-14,1.570905372333304e-12,-4553.62,"[-14000.13, 4892.89]",4892.893260433818,0.009071564959837986,9.111251159533163e-12,7.491398823922743e-13,0.0219229486529418
Inf-Lat-Vent L,50,0.6243276984622798,0.6819474068563371,1.5468607613073647e-05,4.957765390206151e-08,-61.74,"[-581.33, 457.85]",457.8452213140786,0.0003698565989256631,1.5975021812886485e-07,2.8036851298695986e-05,0.0013014267301707713
4th-Ventricle N,50,0.6031324622487251,0.8392548250618562,2.143977080849252e-11,2.693423451442378e-14,-634.4,"[-1491.19, 222.39]",222.39094112858118,0.01835220066452495,2.603642669727632e-13,1.2435067068925662e-10,0.03877803442952158
Thalamus-Proper R,50,0.59266991446834,0.6560033148918413,5.637306587223822e-06,2.3231419454414764e-07,-465.22,"[-2381.65, 1451.21]",1451.2055612655556,0.028736972115494547,5.614259701483568e-07,1.3424367075453195e-05,0.05555814608995612
Thalamus-Proper L,50,0.5571575423526133,0.607194815088676,3.7789429908493624e-05,2.936382889430826e-06,-510.92,"[-2673.93, 1652.09]",1652.0897987091967,0.19532252081534315,5.677006919566263e-06,6.446432160860678e-05,0.2697311001735691
Pallidum L,50,0.5260727094836265,0.6423017748609618,1.2470236359775647e-07,4.954181716246721e-07,-221.76,"[-828.63, 385.11]",385.11305674910307,0.03073624367093032,1.1051636136242684e-06,4.520460680418672e-07,0.05570944165356121
Ventral-DC R,50,0.4572363982147695,0.660784963996666,2.3567827833567328e-07,1.7673991908495166e-07,660.44,"[-858.74, 2179.62]",2179.6158174378634,2.4801936381799666e-05,4.6595069576941804e-07,7.594077857482806e-07,0.00014385123101443806
Ventral-DC L,50,0.412914786669038,0.6610246241988105,4.437571903824573e-07,1.7431205393477107e-07,808.06,"[-610.93, 2227.05]",2227.054386559721,0.00035358379956502804,4.6595069576941804e-07,1.2868958521091261e-06,0.0013014267301707713
Pallidum R,50,0.4030661939668233,0.5004915116233416,0.007686287890553339,0.00021442349160950933,-203.18,"[-767.05, 360.69]",360.68990502419973,0.6402563651961622,0.0002961086312702748,0.008573167262540263,0.6876827626181002
Cerebral-White-Matter L,50,0.3809654048162559,0.6028693701036828,6.017819723479018e-06,3.603153169468452e-06,-35282.9,"[-92643.1, 22077.3]",22077.297785328454,0.3698885260858339,6.5307151196615695e-06,1.3424367075453195e-05,0.4663811850647471
3rd-Ventricle N,50,0.30293882964887303,0.7212061427790805,1.029384101665924e-06,3.4681444026907934e-09,1157.34,"[-134.95, 2449.63]",2449.6253082999897,3.3163519286805976e-06,1.4368026811147573e-08,2.713830813482891e-06,3.2058068643912444e-05
Hippocampus R,50,0.29966443337040866,0.5995833712049878,0.00016040418423949918,4.200771023771062e-06,-1083.6,"[-2465.55, 298.35]",298.3521334691734,0.09745790653444032,7.1660211581976945e-06,0.0002584289634969709,0.1487515415525668
Cerebral-White-Matter R,50,0.2940710700780352,0.4878285788706955,0.0011552100168988001,0.00032626386176886344,-34157.12,"[-92877.71, 24563.47]",24563.47192144057,0.6676006340187246,0.00043007509051350184,0.001582011851791257,0.6914435138051076
Hippocampus L,50,0.1997761690921842,0.5110443075780112,0.005828372312072004,0.00014922015431629714,-1327.84,"[-2802.53, 146.85]",146.85327375152838,0.23685477170032132,0.00021636922375863085,0.0067609118820035246,0.312217653604969
Caudate L,50,0.19137488522818802,0.6857685907658108,2.4673474897623634e-09,3.896870641004283e-08,-1799.26,"[-3032.81, -565.71]",-565.7105500759203,0.5177787982079767,1.4126156073640526e-07,1.0221868171872648e-08,0.61259118422742
Putamen R,50,0.1529026968730706,0.5237369699129321,0.0013939635747698468,9.495133532505209e-05,-1816.3,"[-3476.29, -156.31]",-156.30710049711342,0.0187204304142518,0.00014492572233823741,0.001757606246448937,0.03877803442952158
Brain-Stem N,50,0.15021940634350478,0.46428166525235176,0.0011520333816201695,0.000682894311801847,-7060.52,"[-14346.79, 225.75]",225.7461612126126,0.03725965172389869,0.0008610406540110245,0.001582011851791257,0.06356058235253306
Caudate R,50,0.13869141255263742,0.6286143878967123,1.2753863060341986e-05,1.0178309239945165e-06,-1872.64,"[-3081.63, -663.65]",-663.6487798631456,0.18235876985059543,2.108364056845784e-06,2.4657468583327838e-05,0.2644202162833634
Accumbens-Area R,50,0.13302726488353248,0.557428885216966,8.096545630858344e-06,2.610397438964825e-05,-444.54,"[-830.5, -58.58]",-58.5762326228018,1.4424601043079755e-05,4.2056403183322176e-05,1.677141594963514e-05,0.00010457835756232823
Accumbens-Area L,47,0.10485598760233707,0.38843075140394545,0.0006181080380118593,0.006973901135579466,-388.0851063829787,"[-846.7, 70.53]",70.5277306408787,6.444709405830286e-07,0.008089725317272181,0.0009434280580181011,1.868965727690783e-05
Cerebellum-White-Matter L,50,0.10000608594197405,0.29955673657858195,0.0012001469220485398,0.034565673997209445,-6552.46,"[-14766.24, 1661.32]",1661.3164403548262,0.0033354476461846597,0.037126094293299036,0.001582011851791257,0.008793452885395922
Putamen L,50,0.073214265006802,0.2768188651862203,0.44155062208165374,0.05164114442219518,-2311.24,"[-4623.09, 0.61]",0.6055169426872453,0.5280958484719137,0.05348547100870215,0.44155062208165374,0.61259118422742
Cerebellum-White-Matter R,50,0.06839608339433997,0.19095134211585924,0.0015023632662638346,0.1840660924227351,-6911.96,"[-18063.51, 4239.59]",4239.5930431293755,2.9448839186805802e-06,0.1840660924227351,0.0018153556134021334,3.2058068643912444e-05
Amygdala R,50,0.05130773108183837,0.45785879755552256,0.08187553374099696,0.0008278306302381798,-1090.72,"[-1650.7, -530.74]",-530.7367946518397,0.612378751809326,0.0010002953448711338,0.08794038809218192,0.6830378385565559
Amygdala L,50,0.04003239149951028,0.3427941014168709,0.14924435541484773,0.01481166622328704,-1135.38,"[-1790.83, -479.93]",-479.92806160024224,0.9472264259125767,0.01652070463366631,0.154574510965378,0.9472264259125767
