Canonical ID,Structure,Laterality,N,UNesT Mean (mm³),SynthSeg Mean (mm³),"ICC(2,1)",Pearson r,Spearman ρ,Bias (mm³),LoA Lower (mm³),LoA Upper (mm³),Proportional-bias q
BRN-LAT-V,Lateral-Ventricle,RIGHT,50,14820.26,13497.06,0.9592467182384691,0.9816685291461981,0.9789665770265079,1323.2,-1829.1904671851805,4475.59046718518,0.0004596268308608506
BRN-LAT-V,Lateral-Ventricle,LEFT,50,15890.18,14439.56,0.9552474073595699,0.9796510507019638,0.9728211284513805,1450.62,-1602.5276272777905,4503.76762727779,0.005660142431518474
BRN-INF-LAT-V,Inf-Lat-Vent,RIGHT,50,662.56,559.28,0.7495132432722995,0.8209641747081529,0.7884361420862416,103.28,-320.0653775252541,526.6253775252542,0.0013014267301707713
BRN-CB-EXT,Cerebellum-Exterior,RIGHT,50,67882.0,71575.92,0.6992074227963425,0.7852642285933029,0.7610564225690275,-3693.92,-14014.30820218077,6626.468202180769,0.09633381317593687
BRN-CB-EXT,Cerebellum-Exterior,LEFT,50,66820.4,71374.02,0.6616971757480511,0.8064218795857622,0.8313565426170467,-4553.62,-14000.133260433817,4892.893260433818,0.0219229486529418
BRN-INF-LAT-V,Inf-Lat-Vent,LEFT,50,514.08,575.82,0.6243276984622798,0.6819474068563371,0.5701114099116404,-61.74,-581.3252213140786,457.8452213140786,0.0013014267301707713
BRN-4TH-VENTRICLE,4th-Ventricle,NONE,50,2067.22,2701.62,0.6031324622487251,0.8392548250618562,0.7813873084439152,-634.4,-1491.190941128581,222.39094112858118,0.03877803442952158
BRN-THA,Thalamus-Proper,RIGHT,50,8690.86,9156.08,0.59266991446834,0.6560033148918413,0.5931812725090035,-465.22,-2381.6455612655554,1451.2055612655556,0.05555814608995612
BRN-THA,Thalamus-Proper,LEFT,50,9158.38,9669.3,0.5571575423526133,0.607194815088676,0.5481392557022808,-510.92,-2673.929798709197,1652.0897987091967,0.2697311001735691
BRN-PAL,Pallidum,LEFT,50,1832.48,2054.24,0.5260727094836265,0.6423017748609618,0.666762707580123,-221.76,-828.633056749103,385.11305674910307,0.05570944165356121
BRN-VDC,Ventral-DC,RIGHT,50,6107.28,5446.84,0.4572363982147695,0.660784963996666,0.6557495154718079,660.44,-858.7358174378633,2179.6158174378634,0.00014385123101443806
BRN-VDC,Ventral-DC,LEFT,50,6237.78,5429.72,0.412914786669038,0.6610246241988105,0.644337199158091,808.06,-610.9343865597214,2227.054386559721,0.0013014267301707713
BRN-PAL,Pallidum,RIGHT,50,1880.24,2083.42,0.4030661939668233,0.5004915116233416,0.37270391635590944,-203.18,-767.0499050241997,360.68990502419973,0.6876827626181002
BRN-CER-WM,Cerebral-White-Matter,LEFT,50,257563.48,292846.38,0.3809654048162559,0.6028693701036828,0.5917406962785113,-35282.9,-92643.09778532846,22077.297785328454,0.4663811850647471
BRN-3RD-VENTRICLE,3rd-Ventricle,NONE,50,2569.26,1411.92,0.30293882964887303,0.7212061427790805,0.6283944394233699,1157.34,-134.94530829998985,2449.6253082999897,3.2058068643912444e-05
BRN-HIP,Hippocampus,RIGHT,50,4770.36,5853.96,0.29966443337040866,0.5995833712049878,0.5089678024949028,-1083.6,-2465.552133469173,298.3521334691734,0.1487515415525668
BRN-CER-WM,Cerebral-White-Matter,RIGHT,50,259274.96,293432.08,0.2940710700780352,0.4878285788706955,0.4464345738295318,-34157.12,-92877.71192144058,24563.47192144057,0.6914435138051076
BRN-HIP,Hippocampus,LEFT,50,4446.82,5774.66,0.1997761690921842,0.5110443075780112,0.3845470480591736,-1327.84,-2802.533273751528,146.85327375152838,0.312217653604969
BRN-CAU,Caudate,LEFT,50,3476.18,5275.44,0.19137488522818802,0.6857685907658108,0.7257971579632606,-1799.26,-3032.8094499240797,-565.7105500759203,0.61259118422742
BRN-PUT,Putamen,RIGHT,50,5121.66,6937.96,0.1529026968730706,0.5237369699129321,0.4398155930866637,-1816.3,-3476.2928995028865,-156.30710049711342,0.03877803442952158
BRN-BST,Brain-Stem,NONE,50,20853.86,27914.38,0.15021940634350478,0.46428166525235176,0.446530612244898,-7060.52,-14346.786161212614,225.7461612126126,0.06356058235253306
BRN-CAU,Caudate,RIGHT,50,3499.76,5372.4,0.13869141255263742,0.6286143878967123,0.5746596558596566,-1872.64,-3081.6312201368546,-663.6487798631456,0.2644202162833634
BRN-ACC,Accumbens-Area,RIGHT,50,458.74,903.28,0.13302726488353248,0.557428885216966,0.5851081712254091,-444.54,-830.5037673771983,-58.5762326228018,0.00010457835756232823
BRN-ACC,Accumbens-Area,LEFT,47,525.3404255319149,913.4255319148937,0.10485598760233707,0.38843075140394545,0.4811356213523097,-388.0851063829787,-846.6979434068362,70.5277306408787,1.868965727690783e-05
BRN-CB-WM,Cerebellum-White-Matter,LEFT,50,14338.54,20891.0,0.10000608594197405,0.29955673657858195,0.44510072283472535,-6552.46,-14766.236440354827,1661.3164403548262,0.008793452885395922
BRN-PUT,Putamen,LEFT,50,4832.44,7143.68,0.073214265006802,0.2768188651862203,0.11131119597916637,-2311.24,-4623.085516942687,0.6055169426872453,0.61259118422742
BRN-CB-WM,Cerebellum-White-Matter,RIGHT,50,13892.32,20804.28,0.06839608339433997,0.19095134211585924,0.4371398391517508,-6911.96,-18063.513043129376,4239.5930431293755,3.2058068643912444e-05
BRN-AMY,Amygdala,RIGHT,50,1347.48,2438.2,0.05130773108183837,0.45785879755552256,0.24846927814362027,-1090.72,-1650.7032053481603,-530.7367946518397,0.6830378385565559
BRN-AMY,Amygdala,LEFT,50,1220.66,2356.04,0.04003239149951028,0.3427941014168709,0.20697769353098439,-1135.38,-1790.831938399758,-479.92806160024224,0.9472264259125767
