source,source_version,source_id,source_name,canonical_id,laterality,mapping_type,mapping_confidence,review_status,notes
MONAI_UNEST,0.2.7,0,background,BRN-BACKGROUND,NONE,system,1.0,APPROVED,Background / non-anatomical voxel
MONAI_UNEST,0.2.7,1,3rd-Ventricle,BRN-3RD-VENTRICLE,NONE,exact,1.0,APPROVED,
MONAI_UNEST,0.2.7,2,4th-Ventricle,BRN-4TH-VENTRICLE,NONE,exact,1.0,APPROVED,
MONAI_UNEST,0.2.7,3,Right-Accumbens-Area,BRN-ACC,RIGHT,exact,1.0,APPROVED,
MONAI_UNEST,0.2.7,4,Left-Accumbens-Area,BRN-ACC,LEFT,exact,1.0,APPROVED,
MONAI_UNEST,0.2.7,5,Right-Amygdala,BRN-AMY,RIGHT,exact,1.0,APPROVED,
MONAI_UNEST,0.2.7,6,Left-Amygdala,BRN-AMY,LEFT,exact,1.0,APPROVED,
MONAI_UNEST,0.2.7,7,Brain-Stem,BRN-BST,NONE,exact,1.0,APPROVED,
MONAI_UNEST,0.2.7,8,Right-Caudate,BRN-CAU,RIGHT,exact,1.0,APPROVED,
MONAI_UNEST,0.2.7,9,Left-Caudate,BRN-CAU,LEFT,exact,1.0,APPROVED,
MONAI_UNEST,0.2.7,10,Right-Cerebellum-Exterior,BRN-CB-EXT,RIGHT,exact,1.0,APPROVED,
MONAI_UNEST,0.2.7,11,Left-Cerebellum-Exterior,BRN-CB-EXT,LEFT,exact,1.0,APPROVED,
MONAI_UNEST,0.2.7,12,Right-Cerebellum-White-Matter,BRN-CB-WM,RIGHT,exact,1.0,APPROVED,
MONAI_UNEST,0.2.7,13,Left-Cerebellum-White-Matter,BRN-CB-WM,LEFT,exact,1.0,APPROVED,
MONAI_UNEST,0.2.7,14,Right-Cerebral-White-Matter,BRN-CER-WM,RIGHT,exact,1.0,APPROVED,
MONAI_UNEST,0.2.7,15,Left-Cerebral-White-Matter,BRN-CER-WM,LEFT,exact,1.0,APPROVED,
MONAI_UNEST,0.2.7,16,Right-Hippocampus,BRN-HIP,RIGHT,exact,1.0,APPROVED,
MONAI_UNEST,0.2.7,17,Left-Hippocampus,BRN-HIP,LEFT,exact,1.0,APPROVED,
MONAI_UNEST,0.2.7,18,Right-Inf-Lat-Vent,BRN-INF-LAT-V,RIGHT,exact,1.0,APPROVED,
MONAI_UNEST,0.2.7,19,Left-Inf-Lat-Vent,BRN-INF-LAT-V,LEFT,exact,1.0,APPROVED,
MONAI_UNEST,0.2.7,20,Right-Lateral-Ventricle,BRN-LAT-V,RIGHT,exact,1.0,APPROVED,
MONAI_UNEST,0.2.7,21,Left-Lateral-Ventricle,BRN-LAT-V,LEFT,exact,1.0,APPROVED,
MONAI_UNEST,0.2.7,22,Right-Pallidum,BRN-PAL,RIGHT,exact,1.0,APPROVED,
MONAI_UNEST,0.2.7,23,Left-Pallidum,BRN-PAL,LEFT,exact,1.0,APPROVED,
MONAI_UNEST,0.2.7,24,Right-Putamen,BRN-PUT,RIGHT,exact,1.0,APPROVED,
MONAI_UNEST,0.2.7,25,Left-Putamen,BRN-PUT,LEFT,exact,1.0,APPROVED,
MONAI_UNEST,0.2.7,26,Right-Thalamus-Proper,BRN-THA,RIGHT,exact,1.0,APPROVED,
MONAI_UNEST,0.2.7,27,Left-Thalamus-Proper,BRN-THA,LEFT,exact,1.0,APPROVED,
MONAI_UNEST,0.2.7,28,Right-Ventral-DC,BRN-VDC,RIGHT,exact,1.0,APPROVED,
MONAI_UNEST,0.2.7,29,Left-Ventral-DC,BRN-VDC,LEFT,exact,1.0,APPROVED,
MONAI_UNEST,0.2.7,30,Cerebellar-Vermal-Lobules-I-V,BRN-CEREBELLAR-VERMAL-LOBULES-I-V,NONE,exact,1.0,APPROVED,
MONAI_UNEST,0.2.7,31,Cerebellar-Vermal-Lobules-VI-VII,BRN-CEREBELLAR-VERMAL-LOBULES-VI-VII,NONE,exact,1.0,APPROVED,
MONAI_UNEST,0.2.7,32,Cerebellar-Vermal-Lobules-VIII-X,BRN-CEREBELLAR-VERMAL-LOBULES-VIII-X,NONE,exact,1.0,APPROVED,
MONAI_UNEST,0.2.7,33,Left-Basal-Forebrain,BRN-BASAL-FOREBRAIN,LEFT,exact,1.0,APPROVED,
MONAI_UNEST,0.2.7,34,Right-Basal-Forebrain,BRN-BASAL-FOREBRAIN,RIGHT,exact,1.0,APPROVED,
MONAI_UNEST,0.2.7,35,Right-ACgG--anterior-cingulate-gyrus,BRN-ANTERIOR-CINGULATE-GYRUS,RIGHT,exact,1.0,APPROVED,
MONAI_UNEST,0.2.7,36,Left-ACgG--anterior-cingulate-gyrus,BRN-ANTERIOR-CINGULATE-GYRUS,LEFT,exact,1.0,APPROVED,
MONAI_UNEST,0.2.7,37,Right-AIns--anterior-insula,BRN-ANTERIOR-INSULA,RIGHT,exact,1.0,APPROVED,
MONAI_UNEST,0.2.7,38,Left-AIns--anterior-insula,BRN-ANTERIOR-INSULA,LEFT,exact,1.0,APPROVED,
MONAI_UNEST,0.2.7,39,Right-AOrG--anterior-orbital-gyrus,BRN-ANTERIOR-ORBITAL-GYRUS,RIGHT,exact,1.0,APPROVED,
MONAI_UNEST,0.2.7,40,Left-AOrG--anterior-orbital-gyrus,BRN-ANTERIOR-ORBITAL-GYRUS,LEFT,exact,1.0,APPROVED,
MONAI_UNEST,0.2.7,41,Right-AnG---angular-gyrus,BRN-ANGULAR-GYRUS,RIGHT,exact,1.0,APPROVED,
MONAI_UNEST,0.2.7,42,Left-AnG---angular-gyrus,BRN-ANGULAR-GYRUS,LEFT,exact,1.0,APPROVED,
MONAI_UNEST,0.2.7,43,Right-Calc--calcarine-cortex,BRN-CALCARINE-CORTEX,RIGHT,exact,1.0,APPROVED,
MONAI_UNEST,0.2.7,44,Left-Calc--calcarine-cortex,BRN-CALCARINE-CORTEX,LEFT,exact,1.0,APPROVED,
MONAI_UNEST,0.2.7,45,Right-CO----central-operculum,BRN-CENTRAL-OPERCULUM,RIGHT,exact,1.0,APPROVED,
MONAI_UNEST,0.2.7,46,Left-CO----central-operculum,BRN-CENTRAL-OPERCULUM,LEFT,exact,1.0,APPROVED,
MONAI_UNEST,0.2.7,47,Right-Cun---cuneus,BRN-CUNEUS,RIGHT,exact,1.0,APPROVED,
MONAI_UNEST,0.2.7,48,Left-Cun---cuneus,BRN-CUNEUS,LEFT,exact,1.0,APPROVED,
MONAI_UNEST,0.2.7,49,Right-Ent---entorhinal-area,BRN-ENTORHINAL-AREA,RIGHT,exact,1.0,APPROVED,
MONAI_UNEST,0.2.7,50,Left-Ent---entorhinal-area,BRN-ENTORHINAL-AREA,LEFT,exact,1.0,APPROVED,
MONAI_UNEST,0.2.7,51,Right-FO----frontal-operculum,BRN-FRONTAL-OPERCULUM,RIGHT,exact,1.0,APPROVED,
MONAI_UNEST,0.2.7,52,Left-FO----frontal-operculum,BRN-FRONTAL-OPERCULUM,LEFT,exact,1.0,APPROVED,
MONAI_UNEST,0.2.7,53,Right-FRP---frontal-pole,BRN-FRONTAL-POLE,RIGHT,exact,1.0,APPROVED,
MONAI_UNEST,0.2.7,54,Left-FRP---frontal-pole,BRN-FRONTAL-POLE,LEFT,exact,1.0,APPROVED,
MONAI_UNEST,0.2.7,55,Right-FuG---fusiform-gyrus ,BRN-FUSIFORM-GYRUS,RIGHT,exact,1.0,APPROVED,
MONAI_UNEST,0.2.7,56,Left-FuG---fusiform-gyrus,BRN-FUSIFORM-GYRUS,LEFT,exact,1.0,APPROVED,
MONAI_UNEST,0.2.7,57,Right-GRe---gyrus-rectus,BRN-GYRUS-RECTUS,RIGHT,exact,1.0,APPROVED,
MONAI_UNEST,0.2.7,58,Left-GRe---gyrus-rectus,BRN-GYRUS-RECTUS,LEFT,exact,1.0,APPROVED,
MONAI_UNEST,0.2.7,59,Right-IOG---inferior-occipital-gyrus,BRN-INFERIOR-OCCIPITAL-GYRUS,RIGHT,exact,1.0,APPROVED,
MONAI_UNEST,0.2.7,60,Left-IOG---inferior-occipital-gyrus,BRN-INFERIOR-OCCIPITAL-GYRUS,LEFT,exact,1.0,APPROVED,
MONAI_UNEST,0.2.7,61,Right-ITG---inferior-temporal-gyrus,BRN-INFERIOR-TEMPORAL-GYRUS,RIGHT,exact,1.0,APPROVED,
MONAI_UNEST,0.2.7,62,Left-ITG---inferior-temporal-gyrus,BRN-INFERIOR-TEMPORAL-GYRUS,LEFT,exact,1.0,APPROVED,
MONAI_UNEST,0.2.7,63,Right-LiG---lingual-gyrus,BRN-LINGUAL-GYRUS,RIGHT,exact,1.0,APPROVED,
MONAI_UNEST,0.2.7,64,Left-LiG---lingual-gyrus,BRN-LINGUAL-GYRUS,LEFT,exact,1.0,APPROVED,
MONAI_UNEST,0.2.7,65,Right-LOrG--lateral-orbital-gyrus,BRN-LATERAL-ORBITAL-GYRUS,RIGHT,exact,1.0,APPROVED,
MONAI_UNEST,0.2.7,66,Left-LOrG--lateral-orbital-gyrus,BRN-LATERAL-ORBITAL-GYRUS,LEFT,exact,1.0,APPROVED,
MONAI_UNEST,0.2.7,67,Right-MCgG--middle-cingulate-gyrus,BRN-MIDDLE-CINGULATE-GYRUS,RIGHT,exact,1.0,APPROVED,
MONAI_UNEST,0.2.7,68,Left-MCgG--middle-cingulate-gyrus,BRN-MIDDLE-CINGULATE-GYRUS,LEFT,exact,1.0,APPROVED,
MONAI_UNEST,0.2.7,69,Right-MFC---medial-frontal-cortex,BRN-MEDIAL-FRONTAL-CORTEX,RIGHT,exact,1.0,APPROVED,
MONAI_UNEST,0.2.7,70,Left-MFC---medial-frontal-cortex,BRN-MEDIAL-FRONTAL-CORTEX,LEFT,exact,1.0,APPROVED,
MONAI_UNEST,0.2.7,71,Right-MFG---middle-frontal-gyrus,BRN-MIDDLE-FRONTAL-GYRUS,RIGHT,exact,1.0,APPROVED,
MONAI_UNEST,0.2.7,72,Left-MFG---middle-frontal-gyrus,BRN-MIDDLE-FRONTAL-GYRUS,LEFT,exact,1.0,APPROVED,
MONAI_UNEST,0.2.7,73,Right-MOG---middle-occipital-gyrus,BRN-MIDDLE-OCCIPITAL-GYRUS,RIGHT,exact,1.0,APPROVED,
MONAI_UNEST,0.2.7,74,Left-MOG---middle-occipital-gyrus,BRN-MIDDLE-OCCIPITAL-GYRUS,LEFT,exact,1.0,APPROVED,
MONAI_UNEST,0.2.7,75,Right-MOrG--medial-orbital-gyrus,BRN-MEDIAL-ORBITAL-GYRUS,RIGHT,exact,1.0,APPROVED,
MONAI_UNEST,0.2.7,76,Left-MOrG--medial-orbital-gyrus,BRN-MEDIAL-ORBITAL-GYRUS,LEFT,exact,1.0,APPROVED,
MONAI_UNEST,0.2.7,77,Right-MPoG--postcentral-gyrus,BRN-POG-MED,RIGHT,exact,1.0,APPROVED,"MPoG = postcentral gyrus, medial segment."
MONAI_UNEST,0.2.7,78,Left-MPoG--postcentral-gyrus,BRN-POG-MED,LEFT,exact,1.0,APPROVED,"MPoG = postcentral gyrus, medial segment."
MONAI_UNEST,0.2.7,79,Right-MPrG--precentral-gyrus,BRN-PRG-MED,RIGHT,exact,1.0,APPROVED,"MPrG = precentral gyrus, medial segment."
MONAI_UNEST,0.2.7,80,Left-MPrG--precentral-gyrus,BRN-PRG-MED,LEFT,exact,1.0,APPROVED,"MPrG = precentral gyrus, medial segment."
MONAI_UNEST,0.2.7,81,Right-MSFG--superior-frontal-gyrus,BRN-SUPERIOR-FRONTAL-GYRUS,RIGHT,exact,1.0,APPROVED,
MONAI_UNEST,0.2.7,82,Left-MSFG--superior-frontal-gyrus,BRN-SUPERIOR-FRONTAL-GYRUS,LEFT,exact,1.0,APPROVED,
MONAI_UNEST,0.2.7,83,Right-MTG---middle-temporal-gyrus,BRN-MIDDLE-TEMPORAL-GYRUS,RIGHT,exact,1.0,APPROVED,
MONAI_UNEST,0.2.7,84,Left-MTG---middle-temporal-gyrus,BRN-MIDDLE-TEMPORAL-GYRUS,LEFT,exact,1.0,APPROVED,
MONAI_UNEST,0.2.7,85,Right-OCP---occipital-pole,BRN-OCCIPITAL-POLE,RIGHT,exact,1.0,APPROVED,
MONAI_UNEST,0.2.7,86,Left-OCP---occipital-pole,BRN-OCCIPITAL-POLE,LEFT,exact,1.0,APPROVED,
MONAI_UNEST,0.2.7,87,Right-OFuG--occipital-fusiform-gyrus,BRN-OCCIPITAL-FUSIFORM-GYRUS,RIGHT,exact,1.0,APPROVED,
MONAI_UNEST,0.2.7,88,Left-OFuG--occipital-fusiform-gyrus,BRN-OCCIPITAL-FUSIFORM-GYRUS,LEFT,exact,1.0,APPROVED,
MONAI_UNEST,0.2.7,89,Right-OpIFG-opercular-part-of-the-IFG,BRN-OPIFG-OPERCULAR-PART-OF-THE-IFG,RIGHT,exact,1.0,APPROVED,
MONAI_UNEST,0.2.7,90,Left-OpIFG-opercular-part-of-the-IFG,BRN-OPIFG-OPERCULAR-PART-OF-THE-IFG,LEFT,exact,1.0,APPROVED,
MONAI_UNEST,0.2.7,91,Right-OrIFG-orbital-part-of-the-IFG,BRN-ORIFG-ORBITAL-PART-OF-THE-IFG,RIGHT,exact,1.0,APPROVED,
MONAI_UNEST,0.2.7,92,Left-OrIFG-orbital-part-of-the-IFG,BRN-ORIFG-ORBITAL-PART-OF-THE-IFG,LEFT,exact,1.0,APPROVED,
MONAI_UNEST,0.2.7,93,Right-PCgG--posterior-cingulate-gyrus,BRN-POSTERIOR-CINGULATE-GYRUS,RIGHT,exact,1.0,APPROVED,
MONAI_UNEST,0.2.7,94,Left-PCgG--posterior-cingulate-gyrus,BRN-POSTERIOR-CINGULATE-GYRUS,LEFT,exact,1.0,APPROVED,
MONAI_UNEST,0.2.7,95,Right-PCu---precuneus,BRN-PCU,RIGHT,exact,1.0,APPROVED,
MONAI_UNEST,0.2.7,96,Left-PCu---precuneus,BRN-PCU,LEFT,exact,1.0,APPROVED,
MONAI_UNEST,0.2.7,97,Right-PHG---parahippocampal-gyrus,BRN-PARAHIPPOCAMPAL-GYRUS,RIGHT,exact,1.0,APPROVED,
MONAI_UNEST,0.2.7,98,Left-PHG---parahippocampal-gyrus,BRN-PARAHIPPOCAMPAL-GYRUS,LEFT,exact,1.0,APPROVED,
MONAI_UNEST,0.2.7,99,Right-PIns--posterior-insula,BRN-POSTERIOR-INSULA,RIGHT,exact,1.0,APPROVED,
MONAI_UNEST,0.2.7,100,Left-PIns--posterior-insula,BRN-POSTERIOR-INSULA,LEFT,exact,1.0,APPROVED,
MONAI_UNEST,0.2.7,101,Right-PO----parietal-operculum,BRN-PARIETAL-OPERCULUM,RIGHT,exact,1.0,APPROVED,
MONAI_UNEST,0.2.7,102,Left-PO----parietal-operculum,BRN-PARIETAL-OPERCULUM,LEFT,exact,1.0,APPROVED,
MONAI_UNEST,0.2.7,103,Right-PoG---postcentral-gyrus,BRN-POG,RIGHT,exact,1.0,APPROVED,PoG = postcentral gyrus.
MONAI_UNEST,0.2.7,104,Left-PoG---postcentral-gyrus,BRN-POG,LEFT,exact,1.0,APPROVED,PoG = postcentral gyrus.
MONAI_UNEST,0.2.7,105,Right-POrG--posterior-orbital-gyrus,BRN-POSTERIOR-ORBITAL-GYRUS,RIGHT,exact,1.0,APPROVED,
MONAI_UNEST,0.2.7,106,Left-POrG--posterior-orbital-gyrus,BRN-POSTERIOR-ORBITAL-GYRUS,LEFT,exact,1.0,APPROVED,
MONAI_UNEST,0.2.7,107,Right-PP----planum-polare,BRN-PLANUM-POLARE,RIGHT,exact,1.0,APPROVED,
MONAI_UNEST,0.2.7,108,Left-PP----planum-polare,BRN-PLANUM-POLARE,LEFT,exact,1.0,APPROVED,
MONAI_UNEST,0.2.7,109,Right-PrG---precentral-gyrus,BRN-PRG,RIGHT,exact,1.0,APPROVED,PrG = precentral gyrus.
MONAI_UNEST,0.2.7,110,Left-PrG---precentral-gyrus,BRN-PRG,LEFT,exact,1.0,APPROVED,PrG = precentral gyrus.
MONAI_UNEST,0.2.7,111,Right-PT----planum-temporale,BRN-PLANUM-TEMPORALE,RIGHT,exact,1.0,APPROVED,
MONAI_UNEST,0.2.7,112,Left-PT----planum-temporale,BRN-PLANUM-TEMPORALE,LEFT,exact,1.0,APPROVED,
MONAI_UNEST,0.2.7,113,Right-SCA---subcallosal-area,BRN-SUBCALLOSAL-AREA,RIGHT,exact,1.0,APPROVED,
MONAI_UNEST,0.2.7,114,Left-SCA---subcallosal-area,BRN-SUBCALLOSAL-AREA,LEFT,exact,1.0,APPROVED,
MONAI_UNEST,0.2.7,115,Right-SFG---superior-frontal-gyrus,BRN-SUPERIOR-FRONTAL-GYRUS,RIGHT,exact,1.0,APPROVED,
MONAI_UNEST,0.2.7,116,Left-SFG---superior-frontal-gyrus,BRN-SUPERIOR-FRONTAL-GYRUS,LEFT,exact,1.0,APPROVED,
MONAI_UNEST,0.2.7,117,Right-SMC---supplementary-motor-cortex,BRN-SUPPLEMENTARY-MOTOR-CORTEX,RIGHT,exact,1.0,APPROVED,
MONAI_UNEST,0.2.7,118,Left-SMC---supplementary-motor-cortex,BRN-SUPPLEMENTARY-MOTOR-CORTEX,LEFT,exact,1.0,APPROVED,
MONAI_UNEST,0.2.7,119,Right-SMG---supramarginal-gyrus,BRN-SUPRAMARGINAL-GYRUS,RIGHT,exact,1.0,APPROVED,
MONAI_UNEST,0.2.7,120,Left-SMG---supramarginal-gyrus,BRN-SUPRAMARGINAL-GYRUS,LEFT,exact,1.0,APPROVED,
MONAI_UNEST,0.2.7,121,Right-SOG---superior-occipital-gyrus,BRN-SUPERIOR-OCCIPITAL-GYRUS,RIGHT,exact,1.0,APPROVED,
MONAI_UNEST,0.2.7,122,Left-SOG---superior-occipital-gyrus,BRN-SUPERIOR-OCCIPITAL-GYRUS,LEFT,exact,1.0,APPROVED,
MONAI_UNEST,0.2.7,123,Right-SPL---superior-parietal-lobule,BRN-SUPERIOR-PARIETAL-LOBULE,RIGHT,exact,1.0,APPROVED,
MONAI_UNEST,0.2.7,124,Left-SPL---superior-parietal-lobule,BRN-SUPERIOR-PARIETAL-LOBULE,LEFT,exact,1.0,APPROVED,
MONAI_UNEST,0.2.7,125,Right-STG---superior-temporal-gyrus,BRN-SUPERIOR-TEMPORAL-GYRUS,RIGHT,exact,1.0,APPROVED,
MONAI_UNEST,0.2.7,126,Left-STG---superior-temporal-gyrus,BRN-SUPERIOR-TEMPORAL-GYRUS,LEFT,exact,1.0,APPROVED,
MONAI_UNEST,0.2.7,127,Right-TMP---temporal-pole,BRN-TEMPORAL-POLE,RIGHT,exact,1.0,APPROVED,
MONAI_UNEST,0.2.7,128,Left-TMP---temporal-pole,BRN-TEMPORAL-POLE,LEFT,exact,1.0,APPROVED,
MONAI_UNEST,0.2.7,129,Right-TrIFG-triangular-part-of-the-IFG,BRN-TRIFG-TRIANGULAR-PART-OF-THE-IFG,RIGHT,exact,1.0,APPROVED,
MONAI_UNEST,0.2.7,130,Left-TrIFG-triangular-part-of-the-IFG,BRN-TRIFG-TRIANGULAR-PART-OF-THE-IFG,LEFT,exact,1.0,APPROVED,
MONAI_UNEST,0.2.7,131,Right-TTG---transverse-temporal-gyrus,BRN-TRANSVERSE-TEMPORAL-GYRUS,RIGHT,exact,1.0,APPROVED,
MONAI_UNEST,0.2.7,132,Left-TTG---transverse-temporal-gyrus,BRN-TRANSVERSE-TEMPORAL-GYRUS,LEFT,exact,1.0,APPROVED,
